"survey_year","income_year","hhcomp","label","median","mean"
1995,1994,"A1","Ένας ενήλικας μόνος (κάθε ηλικίας)",4289,5487
1995,1994,"A2_2LT65","Ζευγάρι <65 χωρίς παιδιά",5925,7490
1995,1994,"A2_DCH1","Ζευγάρι με 1 παιδί",6610,7463
1995,1994,"TOTAL","Όλος ο πληθυσμός",5208,6180
1996,1995,"A1","Ένας ενήλικας μόνος (κάθε ηλικίας)",4746,6108
1996,1995,"A2_2LT65","Ζευγάρι <65 χωρίς παιδιά",6188,7303
1996,1995,"A2_DCH1","Ζευγάρι με 1 παιδί",6924,8004
1996,1995,"TOTAL","Όλος ο πληθυσμός",5466,6479
1997,1996,"A1","Ένας ενήλικας μόνος (κάθε ηλικίας)",5040,6544
1997,1996,"A2_2LT65","Ζευγάρι <65 χωρίς παιδιά",6807,8078
1997,1996,"A2_DCH1","Ζευγάρι με 1 παιδί",7127,8373
1997,1996,"TOTAL","Όλος ο πληθυσμός",5891,7066
1998,1997,"A1","Ένας ενήλικας μόνος (κάθε ηλικίας)",5043,6825
1998,1997,"A2_2LT65","Ζευγάρι <65 χωρίς παιδιά",7407,8943
1998,1997,"A2_DCH1","Ζευγάρι με 1 παιδί",7431,9318
1998,1997,"TOTAL","Όλος ο πληθυσμός",6412,7779
1999,1998,"A1","Ένας ενήλικας μόνος (κάθε ηλικίας)",5080,6925
1999,1998,"A2_2LT65","Ζευγάρι <65 χωρίς παιδιά",7458,8824
1999,1998,"A2_DCH1","Ζευγάρι με 1 παιδί",7828,9094
1999,1998,"TOTAL","Όλος ο πληθυσμός",6350,7601
2000,1999,"A1","Ένας ενήλικας μόνος (κάθε ηλικίας)",5758,7834
2000,1999,"A2_2LT65","Ζευγάρι <65 χωρίς παιδιά",7448,8919
2000,1999,"A2_DCH1","Ζευγάρι με 1 παιδί",8635,9611
2000,1999,"TOTAL","Όλος ο πληθυσμός",6923,8119
2001,2000,"A1","Ένας ενήλικας μόνος (κάθε ηλικίας)",5804,7514
2001,2000,"A2_2LT65","Ζευγάρι <65 χωρίς παιδιά",7742,9475
2001,2000,"A2_DCH1","Ζευγάρι με 1 παιδί",8646,9871
2001,2000,"TOTAL","Όλος ο πληθυσμός",7107,8262
2003,2002,"A1","Ένας ενήλικας μόνος (κάθε ηλικίας)",7000,8740
2003,2002,"A2_2LT65","Ζευγάρι <65 χωρίς παιδιά",9653,11513
2003,2002,"A2_DCH1","Ζευγάρι με 1 παιδί",9800,11967
2003,2002,"TOTAL","Όλος ο πληθυσμός",8207,9671
2004,2003,"A1","Ένας ενήλικας μόνος (κάθε ηλικίας)",7430,8803
2004,2003,"A2_2LT65","Ζευγάρι <65 χωρίς παιδιά",9800,11684
2004,2003,"A2_DCH1","Ζευγάρι με 1 παιδί",10253,11525
2004,2003,"TOTAL","Όλος ο πληθυσμός",8857,10205
2005,2004,"A1","Ένας ενήλικας μόνος (κάθε ηλικίας)",8150,9655
2005,2004,"A2_2LT65","Ζευγάρι <65 χωρίς παιδιά",10633,12362
2005,2004,"A2_DCH1","Ζευγάρι με 1 παιδί",11278,12849
2005,2004,"TOTAL","Όλος ο πληθυσμός",9400,11086
2006,2005,"A1","Ένας ενήλικας μόνος (κάθε ηλικίας)",8700,10087
2006,2005,"A2_2LT65","Ζευγάρι <65 χωρίς παιδιά",11467,13152
2006,2005,"A2_DCH1","Ζευγάρι με 1 παιδί",10889,13288
2006,2005,"TOTAL","Όλος ο πληθυσμός",9833,11579
2007,2006,"A1","Ένας ενήλικας μόνος (κάθε ηλικίας)",8700,10430
2007,2006,"A2_2LT65","Ζευγάρι <65 χωρίς παιδιά",11893,14304
2007,2006,"A2_DCH1","Ζευγάρι με 1 παιδί",11180,13227
2007,2006,"TOTAL","Όλος ο πληθυσμός",10080,12031
2008,2007,"A1","Ένας ενήλικας μόνος (κάθε ηλικίας)",9600,11652
2008,2007,"A2_2LT65","Ζευγάρι <65 χωρίς παιδιά",13040,15167
2008,2007,"A2_DCH1","Ζευγάρι με 1 παιδί",12199,14002
2008,2007,"TOTAL","Όλος ο πληθυσμός",10800,12766
2009,2008,"A1","Ένας ενήλικας μόνος (κάθε ηλικίας)",9836,11758
2009,2008,"A2_2LT65","Ζευγάρι <65 χωρίς παιδιά",14000,17090
2009,2008,"A2_DCH1","Ζευγάρι με 1 παιδί",11756,13569
2009,2008,"TOTAL","Όλος ο πληθυσμός",11530,13484
2010,2009,"A1","Ένας ενήλικας μόνος (κάθε ηλικίας)",10000,11938
2010,2009,"A2_2LT65","Ζευγάρι <65 χωρίς παιδιά",14295,16529
2010,2009,"A2_DCH1","Ζευγάρι με 1 παιδί",11667,14370
2010,2009,"TOTAL","Όλος ο πληθυσμός",11963,13955
2011,2010,"A1","Ένας ενήλικας μόνος (κάθε ηλικίας)",9130,11105
2011,2010,"A2_2LT65","Ζευγάρι <65 χωρίς παιδιά",13078,14920
2011,2010,"A2_DCH1","Ζευγάρι με 1 παιδί",12440,13434
2011,2010,"TOTAL","Όλος ο πληθυσμός",10985,12599
2012,2011,"A1","Ένας ενήλικας μόνος (κάθε ηλικίας)",9050,10086
2012,2011,"A2_2LT65","Ζευγάρι <65 χωρίς παιδιά",10675,12249
2012,2011,"A2_DCH1","Ζευγάρι με 1 παιδί",9299,10684
2012,2011,"TOTAL","Όλος ο πληθυσμός",9460,10628
2013,2012,"A1","Ένας ενήλικας μόνος (κάθε ηλικίας)",8400,9305
2013,2012,"A2_2LT65","Ζευγάρι <65 χωρίς παιδιά",9533,11619
2013,2012,"A2_DCH1","Ζευγάρι με 1 παιδί",9125,10827
2013,2012,"TOTAL","Όλος ο πληθυσμός",8377,9316
2014,2013,"A1","Ένας ενήλικας μόνος (κάθε ηλικίας)",7730,8680
2014,2013,"A2_2LT65","Ζευγάρι <65 χωρίς παιδιά",8938,10255
2014,2013,"A2_DCH1","Ζευγάρι με 1 παιδί",8574,10126
2014,2013,"TOTAL","Όλος ο πληθυσμός",7680,8884
2015,2014,"A1","Ένας ενήλικας μόνος (κάθε ηλικίας)",7440,8486
2015,2014,"A2_2LT65","Ζευγάρι <65 χωρίς παιδιά",8827,10143
2015,2014,"A2_DCH1","Ζευγάρι με 1 παιδί",8603,9785
2015,2014,"TOTAL","Όλος ο πληθυσμός",7527,8691
2016,2015,"A1","Ένας ενήλικας μόνος (κάθε ηλικίας)",7420,8554
2016,2015,"A2_2LT65","Ζευγάρι <65 χωρίς παιδιά",8633,9941
2016,2015,"A2_DCH1","Ζευγάρι με 1 παιδί",8178,9652
2016,2015,"TOTAL","Όλος ο πληθυσμός",7504,8682
2017,2016,"A1","Ένας ενήλικας μόνος (κάθε ηλικίας)",7355,8384
2017,2016,"A2_2LT65","Ζευγάρι <65 χωρίς παιδιά",8633,10270
2017,2016,"A2_DCH1","Ζευγάρι με 1 παιδί",8398,9781
2017,2016,"TOTAL","Όλος ο πληθυσμός",7611,8809
2018,2017,"A1","Ένας ενήλικας μόνος (κάθε ηλικίας)",7406,8687
2018,2017,"A2_2LT65","Ζευγάρι <65 χωρίς παιδιά",9147,11087
2018,2017,"A2_DCH1","Ζευγάρι με 1 παιδί",8595,10017
2018,2017,"TOTAL","Όλος ο πληθυσμός",7875,9049
2019,2018,"A1","Ένας ενήλικας μόνος (κάθε ηλικίας)",7650,8816
2019,2018,"A2_2LT65","Ζευγάρι <65 χωρίς παιδιά",10000,11872
2019,2018,"A2_DCH1","Ζευγάρι με 1 παιδί",9601,10764
2019,2018,"TOTAL","Όλος ο πληθυσμός",8200,9396
2020,2019,"A1","Ένας ενήλικας μόνος (κάθε ηλικίας)",8064,9159
2020,2019,"A2_2LT65","Ζευγάρι <65 χωρίς παιδιά",10333,11902
2020,2019,"A2_DCH1","Ζευγάρι με 1 παιδί",10409,11403
2020,2019,"TOTAL","Όλος ο πληθυσμός",8781,10044
2021,2020,"A1","Ένας ενήλικας μόνος (κάθε ηλικίας)",8084,8954
2021,2020,"A2_2LT65","Ζευγάρι <65 χωρίς παιδιά",10253,11957
2021,2020,"A2_DCH1","Ζευγάρι με 1 παιδί",9995,10838
2021,2020,"TOTAL","Όλος ο πληθυσμός",8755,9962
2022,2021,"A1","Ένας ενήλικας μόνος (κάθε ηλικίας)",8820,9569
2022,2021,"A2_2LT65","Ζευγάρι <65 χωρίς παιδιά",11543,13142
2022,2021,"A2_DCH1","Ζευγάρι με 1 παιδί",10344,11819
2022,2021,"TOTAL","Όλος ο πληθυσμός",9520,10840
2023,2022,"A1","Ένας ενήλικας μόνος (κάθε ηλικίας)",9340,10374
2023,2022,"A2_2LT65","Ζευγάρι <65 χωρίς παιδιά",11923,13526
2023,2022,"A2_DCH1","Ζευγάρι με 1 παιδί",11051,13110
2023,2022,"TOTAL","Όλος ο πληθυσμός",10060,11548
2024,2023,"A1","Ένας ενήλικας μόνος (κάθε ηλικίας)",9800,10920
2024,2023,"A2_2LT65","Ζευγάρι <65 χωρίς παιδιά",13180,14583
2024,2023,"A2_DCH1","Ζευγάρι με 1 παιδί",11547,13585
2024,2023,"TOTAL","Όλος ο πληθυσμός",10862,12407
2025,2024,"A1","Ένας ενήλικας μόνος (κάθε ηλικίας)",10330,11544
2025,2024,"A2_2LT65","Ζευγάρι <65 χωρίς παιδιά",14761,16115
2025,2024,"A2_DCH1","Ζευγάρι με 1 παιδί",12853,15091
2025,2024,"TOTAL","Όλος ο πληθυσμός",11700,13389
