"time","geo","statinfo","age","age_label","statinfo_label","value","flag"
2014,"EU27_2020","GINI_HND","TOTAL","Total","Gini coefficient (scale from 0 to 100)",30.9,
2015,"EU27_2020","GINI_HND","TOTAL","Total","Gini coefficient (scale from 0 to 100)",30.8,
2016,"EU27_2020","GINI_HND","TOTAL","Total","Gini coefficient (scale from 0 to 100)",30.6,
2017,"EU27_2020","GINI_HND","TOTAL","Total","Gini coefficient (scale from 0 to 100)",30.3,
2018,"EU27_2020","GINI_HND","TOTAL","Total","Gini coefficient (scale from 0 to 100)",30.4,
2019,"EU27_2020","GINI_HND","TOTAL","Total","Gini coefficient (scale from 0 to 100)",30.1,
2020,"EU27_2020","GINI_HND","TOTAL","Total","Gini coefficient (scale from 0 to 100)",30,"b"
2021,"EU27_2020","GINI_HND","TOTAL","Total","Gini coefficient (scale from 0 to 100)",30.2,
2022,"EU27_2020","GINI_HND","TOTAL","Total","Gini coefficient (scale from 0 to 100)",29.6,
2023,"EU27_2020","GINI_HND","TOTAL","Total","Gini coefficient (scale from 0 to 100)",29.6,
2024,"EU27_2020","GINI_HND","TOTAL","Total","Gini coefficient (scale from 0 to 100)",29.4,
2025,"EU27_2020","GINI_HND","TOTAL","Total","Gini coefficient (scale from 0 to 100)",29.2,
2025,"EA21","GINI_HND","TOTAL","Total","Gini coefficient (scale from 0 to 100)",29.9,
2014,"EA20","GINI_HND","TOTAL","Total","Gini coefficient (scale from 0 to 100)",31,
2015,"EA20","GINI_HND","TOTAL","Total","Gini coefficient (scale from 0 to 100)",30.7,
2016,"EA20","GINI_HND","TOTAL","Total","Gini coefficient (scale from 0 to 100)",30.7,
2017,"EA20","GINI_HND","TOTAL","Total","Gini coefficient (scale from 0 to 100)",30.4,
2018,"EA20","GINI_HND","TOTAL","Total","Gini coefficient (scale from 0 to 100)",30.6,
2019,"EA20","GINI_HND","TOTAL","Total","Gini coefficient (scale from 0 to 100)",30.2,
2020,"EA20","GINI_HND","TOTAL","Total","Gini coefficient (scale from 0 to 100)",30.2,"b"
2021,"EA20","GINI_HND","TOTAL","Total","Gini coefficient (scale from 0 to 100)",30.6,
2022,"EA20","GINI_HND","TOTAL","Total","Gini coefficient (scale from 0 to 100)",29.9,
2023,"EA20","GINI_HND","TOTAL","Total","Gini coefficient (scale from 0 to 100)",29.8,
2024,"EA20","GINI_HND","TOTAL","Total","Gini coefficient (scale from 0 to 100)",29.9,
2025,"EA20","GINI_HND","TOTAL","Total","Gini coefficient (scale from 0 to 100)",29.8,
2014,"BE","GINI_HND","TOTAL","Total","Gini coefficient (scale from 0 to 100)",25.9,
2015,"BE","GINI_HND","TOTAL","Total","Gini coefficient (scale from 0 to 100)",26.2,
2016,"BE","GINI_HND","TOTAL","Total","Gini coefficient (scale from 0 to 100)",26.3,
2017,"BE","GINI_HND","TOTAL","Total","Gini coefficient (scale from 0 to 100)",26.1,
2018,"BE","GINI_HND","TOTAL","Total","Gini coefficient (scale from 0 to 100)",25.7,
2019,"BE","GINI_HND","TOTAL","Total","Gini coefficient (scale from 0 to 100)",25.1,"b"
2020,"BE","GINI_HND","TOTAL","Total","Gini coefficient (scale from 0 to 100)",25.3,
2021,"BE","GINI_HND","TOTAL","Total","Gini coefficient (scale from 0 to 100)",24.1,
2022,"BE","GINI_HND","TOTAL","Total","Gini coefficient (scale from 0 to 100)",24.7,
2023,"BE","GINI_HND","TOTAL","Total","Gini coefficient (scale from 0 to 100)",24.3,
2024,"BE","GINI_HND","TOTAL","Total","Gini coefficient (scale from 0 to 100)",24.6,
2025,"BE","GINI_HND","TOTAL","Total","Gini coefficient (scale from 0 to 100)",23.4,
2014,"BG","GINI_HND","TOTAL","Total","Gini coefficient (scale from 0 to 100)",35.4,
2015,"BG","GINI_HND","TOTAL","Total","Gini coefficient (scale from 0 to 100)",37,
2016,"BG","GINI_HND","TOTAL","Total","Gini coefficient (scale from 0 to 100)",37.7,"b"
2017,"BG","GINI_HND","TOTAL","Total","Gini coefficient (scale from 0 to 100)",40.2,
2018,"BG","GINI_HND","TOTAL","Total","Gini coefficient (scale from 0 to 100)",39.6,
2019,"BG","GINI_HND","TOTAL","Total","Gini coefficient (scale from 0 to 100)",40.8,
2020,"BG","GINI_HND","TOTAL","Total","Gini coefficient (scale from 0 to 100)",40,
2021,"BG","GINI_HND","TOTAL","Total","Gini coefficient (scale from 0 to 100)",39.7,
2022,"BG","GINI_HND","TOTAL","Total","Gini coefficient (scale from 0 to 100)",38.4,
2023,"BG","GINI_HND","TOTAL","Total","Gini coefficient (scale from 0 to 100)",37.2,
2024,"BG","GINI_HND","TOTAL","Total","Gini coefficient (scale from 0 to 100)",38.4,
2025,"BG","GINI_HND","TOTAL","Total","Gini coefficient (scale from 0 to 100)",37.7,
2014,"CZ","GINI_HND","TOTAL","Total","Gini coefficient (scale from 0 to 100)",25.1,
2015,"CZ","GINI_HND","TOTAL","Total","Gini coefficient (scale from 0 to 100)",25,
2016,"CZ","GINI_HND","TOTAL","Total","Gini coefficient (scale from 0 to 100)",25.1,
2017,"CZ","GINI_HND","TOTAL","Total","Gini coefficient (scale from 0 to 100)",24.5,
2018,"CZ","GINI_HND","TOTAL","Total","Gini coefficient (scale from 0 to 100)",24,
2019,"CZ","GINI_HND","TOTAL","Total","Gini coefficient (scale from 0 to 100)",24,
2020,"CZ","GINI_HND","TOTAL","Total","Gini coefficient (scale from 0 to 100)",24.2,
2021,"CZ","GINI_HND","TOTAL","Total","Gini coefficient (scale from 0 to 100)",24.8,
2022,"CZ","GINI_HND","TOTAL","Total","Gini coefficient (scale from 0 to 100)",24.8,
2023,"CZ","GINI_HND","TOTAL","Total","Gini coefficient (scale from 0 to 100)",24.4,
2024,"CZ","GINI_HND","TOTAL","Total","Gini coefficient (scale from 0 to 100)",23.7,
2025,"CZ","GINI_HND","TOTAL","Total","Gini coefficient (scale from 0 to 100)",24,
2014,"DK","GINI_HND","TOTAL","Total","Gini coefficient (scale from 0 to 100)",27.7,
2015,"DK","GINI_HND","TOTAL","Total","Gini coefficient (scale from 0 to 100)",27.4,
2016,"DK","GINI_HND","TOTAL","Total","Gini coefficient (scale from 0 to 100)",27.7,
2017,"DK","GINI_HND","TOTAL","Total","Gini coefficient (scale from 0 to 100)",27.6,
2018,"DK","GINI_HND","TOTAL","Total","Gini coefficient (scale from 0 to 100)",27.8,
2019,"DK","GINI_HND","TOTAL","Total","Gini coefficient (scale from 0 to 100)",27.5,
2020,"DK","GINI_HND","TOTAL","Total","Gini coefficient (scale from 0 to 100)",27.3,"b"
2021,"DK","GINI_HND","TOTAL","Total","Gini coefficient (scale from 0 to 100)",27,
2022,"DK","GINI_HND","TOTAL","Total","Gini coefficient (scale from 0 to 100)",27.7,
2023,"DK","GINI_HND","TOTAL","Total","Gini coefficient (scale from 0 to 100)",28.2,
2024,"DK","GINI_HND","TOTAL","Total","Gini coefficient (scale from 0 to 100)",28.6,
2025,"DK","GINI_HND","TOTAL","Total","Gini coefficient (scale from 0 to 100)",28.2,
2014,"DE","GINI_HND","TOTAL","Total","Gini coefficient (scale from 0 to 100)",30.7,
2015,"DE","GINI_HND","TOTAL","Total","Gini coefficient (scale from 0 to 100)",30.1,
2016,"DE","GINI_HND","TOTAL","Total","Gini coefficient (scale from 0 to 100)",29.5,
2017,"DE","GINI_HND","TOTAL","Total","Gini coefficient (scale from 0 to 100)",29.1,
2018,"DE","GINI_HND","TOTAL","Total","Gini coefficient (scale from 0 to 100)",31.1,
2019,"DE","GINI_HND","TOTAL","Total","Gini coefficient (scale from 0 to 100)",29.7,
2020,"DE","GINI_HND","TOTAL","Total","Gini coefficient (scale from 0 to 100)",30.5,"b"
2021,"DE","GINI_HND","TOTAL","Total","Gini coefficient (scale from 0 to 100)",31.2,
2022,"DE","GINI_HND","TOTAL","Total","Gini coefficient (scale from 0 to 100)",29,
2023,"DE","GINI_HND","TOTAL","Total","Gini coefficient (scale from 0 to 100)",29.4,
2024,"DE","GINI_HND","TOTAL","Total","Gini coefficient (scale from 0 to 100)",29.5,
2025,"DE","GINI_HND","TOTAL","Total","Gini coefficient (scale from 0 to 100)",30.1,
2014,"EE","GINI_HND","TOTAL","Total","Gini coefficient (scale from 0 to 100)",35.6,"b"
2015,"EE","GINI_HND","TOTAL","Total","Gini coefficient (scale from 0 to 100)",34.8,
2016,"EE","GINI_HND","TOTAL","Total","Gini coefficient (scale from 0 to 100)",32.7,
2017,"EE","GINI_HND","TOTAL","Total","Gini coefficient (scale from 0 to 100)",31.6,
2018,"EE","GINI_HND","TOTAL","Total","Gini coefficient (scale from 0 to 100)",30.6,
2019,"EE","GINI_HND","TOTAL","Total","Gini coefficient (scale from 0 to 100)",30.5,
2020,"EE","GINI_HND","TOTAL","Total","Gini coefficient (scale from 0 to 100)",30.5,
2021,"EE","GINI_HND","TOTAL","Total","Gini coefficient (scale from 0 to 100)",30.6,
2022,"EE","GINI_HND","TOTAL","Total","Gini coefficient (scale from 0 to 100)",31.9,
2023,"EE","GINI_HND","TOTAL","Total","Gini coefficient (scale from 0 to 100)",31.8,
2024,"EE","GINI_HND","TOTAL","Total","Gini coefficient (scale from 0 to 100)",30.8,
2025,"EE","GINI_HND","TOTAL","Total","Gini coefficient (scale from 0 to 100)",30.9,
2014,"IE","GINI_HND","TOTAL","Total","Gini coefficient (scale from 0 to 100)",31,
2015,"IE","GINI_HND","TOTAL","Total","Gini coefficient (scale from 0 to 100)",29.7,
2016,"IE","GINI_HND","TOTAL","Total","Gini coefficient (scale from 0 to 100)",29.6,
2017,"IE","GINI_HND","TOTAL","Total","Gini coefficient (scale from 0 to 100)",30.6,
2018,"IE","GINI_HND","TOTAL","Total","Gini coefficient (scale from 0 to 100)",28.9,
2019,"IE","GINI_HND","TOTAL","Total","Gini coefficient (scale from 0 to 100)",28,"b"
2020,"IE","GINI_HND","TOTAL","Total","Gini coefficient (scale from 0 to 100)",27.6,"b"
2021,"IE","GINI_HND","TOTAL","Total","Gini coefficient (scale from 0 to 100)",26.6,
2022,"IE","GINI_HND","TOTAL","Total","Gini coefficient (scale from 0 to 100)",26.9,
2023,"IE","GINI_HND","TOTAL","Total","Gini coefficient (scale from 0 to 100)",27.4,
2024,"IE","GINI_HND","TOTAL","Total","Gini coefficient (scale from 0 to 100)",26.4,
2025,"IE","GINI_HND","TOTAL","Total","Gini coefficient (scale from 0 to 100)",27.2,
2014,"EL","GINI_HND","TOTAL","Total","Gini coefficient (scale from 0 to 100)",34.5,
2015,"EL","GINI_HND","TOTAL","Total","Gini coefficient (scale from 0 to 100)",34.2,
2016,"EL","GINI_HND","TOTAL","Total","Gini coefficient (scale from 0 to 100)",34.3,
2017,"EL","GINI_HND","TOTAL","Total","Gini coefficient (scale from 0 to 100)",33.4,
2018,"EL","GINI_HND","TOTAL","Total","Gini coefficient (scale from 0 to 100)",32.3,
2019,"EL","GINI_HND","TOTAL","Total","Gini coefficient (scale from 0 to 100)",31,
2020,"EL","GINI_HND","TOTAL","Total","Gini coefficient (scale from 0 to 100)",31.4,
2021,"EL","GINI_HND","TOTAL","Total","Gini coefficient (scale from 0 to 100)",32.4,
2022,"EL","GINI_HND","TOTAL","Total","Gini coefficient (scale from 0 to 100)",31.4,
2023,"EL","GINI_HND","TOTAL","Total","Gini coefficient (scale from 0 to 100)",31.8,
2024,"EL","GINI_HND","TOTAL","Total","Gini coefficient (scale from 0 to 100)",31.8,
2025,"EL","GINI_HND","TOTAL","Total","Gini coefficient (scale from 0 to 100)",31.6,
2014,"ES","GINI_HND","TOTAL","Total","Gini coefficient (scale from 0 to 100)",34.7,
2015,"ES","GINI_HND","TOTAL","Total","Gini coefficient (scale from 0 to 100)",34.6,
2016,"ES","GINI_HND","TOTAL","Total","Gini coefficient (scale from 0 to 100)",34.5,
2017,"ES","GINI_HND","TOTAL","Total","Gini coefficient (scale from 0 to 100)",34.1,
2018,"ES","GINI_HND","TOTAL","Total","Gini coefficient (scale from 0 to 100)",33.2,
2019,"ES","GINI_HND","TOTAL","Total","Gini coefficient (scale from 0 to 100)",33,
2020,"ES","GINI_HND","TOTAL","Total","Gini coefficient (scale from 0 to 100)",32.1,
2021,"ES","GINI_HND","TOTAL","Total","Gini coefficient (scale from 0 to 100)",33,
2022,"ES","GINI_HND","TOTAL","Total","Gini coefficient (scale from 0 to 100)",32,
2023,"ES","GINI_HND","TOTAL","Total","Gini coefficient (scale from 0 to 100)",31.5,
2024,"ES","GINI_HND","TOTAL","Total","Gini coefficient (scale from 0 to 100)",31.2,
2025,"ES","GINI_HND","TOTAL","Total","Gini coefficient (scale from 0 to 100)",30.8,
2014,"FR","GINI_HND","TOTAL","Total","Gini coefficient (scale from 0 to 100)",29.2,
2015,"FR","GINI_HND","TOTAL","Total","Gini coefficient (scale from 0 to 100)",29.2,
2016,"FR","GINI_HND","TOTAL","Total","Gini coefficient (scale from 0 to 100)",29.3,
2017,"FR","GINI_HND","TOTAL","Total","Gini coefficient (scale from 0 to 100)",28.8,
2018,"FR","GINI_HND","TOTAL","Total","Gini coefficient (scale from 0 to 100)",28.5,
2019,"FR","GINI_HND","TOTAL","Total","Gini coefficient (scale from 0 to 100)",29.2,
2020,"FR","GINI_HND","TOTAL","Total","Gini coefficient (scale from 0 to 100)",29.2,"b"
2021,"FR","GINI_HND","TOTAL","Total","Gini coefficient (scale from 0 to 100)",29.3,
2022,"FR","GINI_HND","TOTAL","Total","Gini coefficient (scale from 0 to 100)",29.8,"b"
2023,"FR","GINI_HND","TOTAL","Total","Gini coefficient (scale from 0 to 100)",29.7,
2024,"FR","GINI_HND","TOTAL","Total","Gini coefficient (scale from 0 to 100)",30,
2025,"FR","GINI_HND","TOTAL","Total","Gini coefficient (scale from 0 to 100)",30.4,
2014,"HR","GINI_HND","TOTAL","Total","Gini coefficient (scale from 0 to 100)",30.2,
2015,"HR","GINI_HND","TOTAL","Total","Gini coefficient (scale from 0 to 100)",30.4,
2016,"HR","GINI_HND","TOTAL","Total","Gini coefficient (scale from 0 to 100)",29.8,
2017,"HR","GINI_HND","TOTAL","Total","Gini coefficient (scale from 0 to 100)",29.9,
2018,"HR","GINI_HND","TOTAL","Total","Gini coefficient (scale from 0 to 100)",29.7,
2019,"HR","GINI_HND","TOTAL","Total","Gini coefficient (scale from 0 to 100)",29.2,
2020,"HR","GINI_HND","TOTAL","Total","Gini coefficient (scale from 0 to 100)",28.3,
2021,"HR","GINI_HND","TOTAL","Total","Gini coefficient (scale from 0 to 100)",29.2,
2022,"HR","GINI_HND","TOTAL","Total","Gini coefficient (scale from 0 to 100)",28.5,
2023,"HR","GINI_HND","TOTAL","Total","Gini coefficient (scale from 0 to 100)",29.7,"b"
2024,"HR","GINI_HND","TOTAL","Total","Gini coefficient (scale from 0 to 100)",29.8,"b"
2025,"HR","GINI_HND","TOTAL","Total","Gini coefficient (scale from 0 to 100)",28.5,
2014,"IT","GINI_HND","TOTAL","Total","Gini coefficient (scale from 0 to 100)",32.4,
2015,"IT","GINI_HND","TOTAL","Total","Gini coefficient (scale from 0 to 100)",32.4,
2016,"IT","GINI_HND","TOTAL","Total","Gini coefficient (scale from 0 to 100)",33.1,
2017,"IT","GINI_HND","TOTAL","Total","Gini coefficient (scale from 0 to 100)",32.7,
2018,"IT","GINI_HND","TOTAL","Total","Gini coefficient (scale from 0 to 100)",33.4,
2019,"IT","GINI_HND","TOTAL","Total","Gini coefficient (scale from 0 to 100)",32.8,
2020,"IT","GINI_HND","TOTAL","Total","Gini coefficient (scale from 0 to 100)",32.5,
2021,"IT","GINI_HND","TOTAL","Total","Gini coefficient (scale from 0 to 100)",32.9,
2022,"IT","GINI_HND","TOTAL","Total","Gini coefficient (scale from 0 to 100)",32.7,
2023,"IT","GINI_HND","TOTAL","Total","Gini coefficient (scale from 0 to 100)",31.5,
2024,"IT","GINI_HND","TOTAL","Total","Gini coefficient (scale from 0 to 100)",32.2,
2025,"IT","GINI_HND","TOTAL","Total","Gini coefficient (scale from 0 to 100)",31,
2014,"CY","GINI_HND","TOTAL","Total","Gini coefficient (scale from 0 to 100)",34.8,
2015,"CY","GINI_HND","TOTAL","Total","Gini coefficient (scale from 0 to 100)",33.6,
2016,"CY","GINI_HND","TOTAL","Total","Gini coefficient (scale from 0 to 100)",32.1,
2017,"CY","GINI_HND","TOTAL","Total","Gini coefficient (scale from 0 to 100)",30.8,
2018,"CY","GINI_HND","TOTAL","Total","Gini coefficient (scale from 0 to 100)",29.1,
2019,"CY","GINI_HND","TOTAL","Total","Gini coefficient (scale from 0 to 100)",31.5,
2020,"CY","GINI_HND","TOTAL","Total","Gini coefficient (scale from 0 to 100)",29.3,
2021,"CY","GINI_HND","TOTAL","Total","Gini coefficient (scale from 0 to 100)",29.3,
2022,"CY","GINI_HND","TOTAL","Total","Gini coefficient (scale from 0 to 100)",29,
2023,"CY","GINI_HND","TOTAL","Total","Gini coefficient (scale from 0 to 100)",29.3,
2024,"CY","GINI_HND","TOTAL","Total","Gini coefficient (scale from 0 to 100)",30.1,
2025,"CY","GINI_HND","TOTAL","Total","Gini coefficient (scale from 0 to 100)",31.2,
2014,"LV","GINI_HND","TOTAL","Total","Gini coefficient (scale from 0 to 100)",35.5,
2015,"LV","GINI_HND","TOTAL","Total","Gini coefficient (scale from 0 to 100)",35.4,
2016,"LV","GINI_HND","TOTAL","Total","Gini coefficient (scale from 0 to 100)",34.5,
2017,"LV","GINI_HND","TOTAL","Total","Gini coefficient (scale from 0 to 100)",34.5,
2018,"LV","GINI_HND","TOTAL","Total","Gini coefficient (scale from 0 to 100)",35.6,
2019,"LV","GINI_HND","TOTAL","Total","Gini coefficient (scale from 0 to 100)",35.2,
2020,"LV","GINI_HND","TOTAL","Total","Gini coefficient (scale from 0 to 100)",34.5,
2021,"LV","GINI_HND","TOTAL","Total","Gini coefficient (scale from 0 to 100)",35.7,
2022,"LV","GINI_HND","TOTAL","Total","Gini coefficient (scale from 0 to 100)",34.3,
2023,"LV","GINI_HND","TOTAL","Total","Gini coefficient (scale from 0 to 100)",34,
2024,"LV","GINI_HND","TOTAL","Total","Gini coefficient (scale from 0 to 100)",34.2,
2025,"LV","GINI_HND","TOTAL","Total","Gini coefficient (scale from 0 to 100)",35.6,
2014,"LT","GINI_HND","TOTAL","Total","Gini coefficient (scale from 0 to 100)",35,
2015,"LT","GINI_HND","TOTAL","Total","Gini coefficient (scale from 0 to 100)",37.9,
2016,"LT","GINI_HND","TOTAL","Total","Gini coefficient (scale from 0 to 100)",37,
2017,"LT","GINI_HND","TOTAL","Total","Gini coefficient (scale from 0 to 100)",37.6,
2018,"LT","GINI_HND","TOTAL","Total","Gini coefficient (scale from 0 to 100)",36.9,
2019,"LT","GINI_HND","TOTAL","Total","Gini coefficient (scale from 0 to 100)",35.4,
2020,"LT","GINI_HND","TOTAL","Total","Gini coefficient (scale from 0 to 100)",35.1,
2021,"LT","GINI_HND","TOTAL","Total","Gini coefficient (scale from 0 to 100)",35.4,
2022,"LT","GINI_HND","TOTAL","Total","Gini coefficient (scale from 0 to 100)",36.2,
2023,"LT","GINI_HND","TOTAL","Total","Gini coefficient (scale from 0 to 100)",35.7,
2024,"LT","GINI_HND","TOTAL","Total","Gini coefficient (scale from 0 to 100)",35.3,"p"
2025,"LT","GINI_HND","TOTAL","Total","Gini coefficient (scale from 0 to 100)",35.5,"p"
2014,"LU","GINI_HND","TOTAL","Total","Gini coefficient (scale from 0 to 100)",28.7,
2015,"LU","GINI_HND","TOTAL","Total","Gini coefficient (scale from 0 to 100)",28.5,
2016,"LU","GINI_HND","TOTAL","Total","Gini coefficient (scale from 0 to 100)",29.6,"b"
2017,"LU","GINI_HND","TOTAL","Total","Gini coefficient (scale from 0 to 100)",29.2,
2018,"LU","GINI_HND","TOTAL","Total","Gini coefficient (scale from 0 to 100)",31.3,
2019,"LU","GINI_HND","TOTAL","Total","Gini coefficient (scale from 0 to 100)",32.3,
2020,"LU","GINI_HND","TOTAL","Total","Gini coefficient (scale from 0 to 100)",31.2,"b"
2021,"LU","GINI_HND","TOTAL","Total","Gini coefficient (scale from 0 to 100)",29.6,"b"
2022,"LU","GINI_HND","TOTAL","Total","Gini coefficient (scale from 0 to 100)",29.1,"b"
2023,"LU","GINI_HND","TOTAL","Total","Gini coefficient (scale from 0 to 100)",30.6,
2024,"LU","GINI_HND","TOTAL","Total","Gini coefficient (scale from 0 to 100)",30.1,
2025,"LU","GINI_HND","TOTAL","Total","Gini coefficient (scale from 0 to 100)",30.5,"b"
2014,"HU","GINI_HND","TOTAL","Total","Gini coefficient (scale from 0 to 100)",28.6,
2015,"HU","GINI_HND","TOTAL","Total","Gini coefficient (scale from 0 to 100)",28.2,
2016,"HU","GINI_HND","TOTAL","Total","Gini coefficient (scale from 0 to 100)",28.2,
2017,"HU","GINI_HND","TOTAL","Total","Gini coefficient (scale from 0 to 100)",28.1,
2018,"HU","GINI_HND","TOTAL","Total","Gini coefficient (scale from 0 to 100)",28.7,
2019,"HU","GINI_HND","TOTAL","Total","Gini coefficient (scale from 0 to 100)",26.8,"b"
2020,"HU","GINI_HND","TOTAL","Total","Gini coefficient (scale from 0 to 100)",28.2,
2021,"HU","GINI_HND","TOTAL","Total","Gini coefficient (scale from 0 to 100)",27.4,
2022,"HU","GINI_HND","TOTAL","Total","Gini coefficient (scale from 0 to 100)",26.9,
2023,"HU","GINI_HND","TOTAL","Total","Gini coefficient (scale from 0 to 100)",28.6,
2024,"HU","GINI_HND","TOTAL","Total","Gini coefficient (scale from 0 to 100)",28,
2025,"HU","GINI_HND","TOTAL","Total","Gini coefficient (scale from 0 to 100)",29.5,
2014,"MT","GINI_HND","TOTAL","Total","Gini coefficient (scale from 0 to 100)",27.7,
2015,"MT","GINI_HND","TOTAL","Total","Gini coefficient (scale from 0 to 100)",28.1,
2016,"MT","GINI_HND","TOTAL","Total","Gini coefficient (scale from 0 to 100)",28.6,
2017,"MT","GINI_HND","TOTAL","Total","Gini coefficient (scale from 0 to 100)",28.2,
2018,"MT","GINI_HND","TOTAL","Total","Gini coefficient (scale from 0 to 100)",28.7,
2019,"MT","GINI_HND","TOTAL","Total","Gini coefficient (scale from 0 to 100)",28,
2020,"MT","GINI_HND","TOTAL","Total","Gini coefficient (scale from 0 to 100)",30.3,
2021,"MT","GINI_HND","TOTAL","Total","Gini coefficient (scale from 0 to 100)",31.2,
2022,"MT","GINI_HND","TOTAL","Total","Gini coefficient (scale from 0 to 100)",31.1,
2023,"MT","GINI_HND","TOTAL","Total","Gini coefficient (scale from 0 to 100)",33,
2024,"MT","GINI_HND","TOTAL","Total","Gini coefficient (scale from 0 to 100)",31.3,
2025,"MT","GINI_HND","TOTAL","Total","Gini coefficient (scale from 0 to 100)",29.2,
2014,"NL","GINI_HND","TOTAL","Total","Gini coefficient (scale from 0 to 100)",26.2,
2015,"NL","GINI_HND","TOTAL","Total","Gini coefficient (scale from 0 to 100)",26.7,
2016,"NL","GINI_HND","TOTAL","Total","Gini coefficient (scale from 0 to 100)",26.9,"b"
2017,"NL","GINI_HND","TOTAL","Total","Gini coefficient (scale from 0 to 100)",27.1,
2018,"NL","GINI_HND","TOTAL","Total","Gini coefficient (scale from 0 to 100)",27.4,
2019,"NL","GINI_HND","TOTAL","Total","Gini coefficient (scale from 0 to 100)",26.8,
2020,"NL","GINI_HND","TOTAL","Total","Gini coefficient (scale from 0 to 100)",28.2,
2021,"NL","GINI_HND","TOTAL","Total","Gini coefficient (scale from 0 to 100)",26.4,
2022,"NL","GINI_HND","TOTAL","Total","Gini coefficient (scale from 0 to 100)",26.3,
2023,"NL","GINI_HND","TOTAL","Total","Gini coefficient (scale from 0 to 100)",26.5,
2024,"NL","GINI_HND","TOTAL","Total","Gini coefficient (scale from 0 to 100)",25.9,
2025,"NL","GINI_HND","TOTAL","Total","Gini coefficient (scale from 0 to 100)",25.9,
2014,"AT","GINI_HND","TOTAL","Total","Gini coefficient (scale from 0 to 100)",27.6,
2015,"AT","GINI_HND","TOTAL","Total","Gini coefficient (scale from 0 to 100)",27.2,
2016,"AT","GINI_HND","TOTAL","Total","Gini coefficient (scale from 0 to 100)",27.2,
2017,"AT","GINI_HND","TOTAL","Total","Gini coefficient (scale from 0 to 100)",27.9,
2018,"AT","GINI_HND","TOTAL","Total","Gini coefficient (scale from 0 to 100)",26.8,
2019,"AT","GINI_HND","TOTAL","Total","Gini coefficient (scale from 0 to 100)",27.5,
2020,"AT","GINI_HND","TOTAL","Total","Gini coefficient (scale from 0 to 100)",27,
2021,"AT","GINI_HND","TOTAL","Total","Gini coefficient (scale from 0 to 100)",26.7,
2022,"AT","GINI_HND","TOTAL","Total","Gini coefficient (scale from 0 to 100)",27.8,
2023,"AT","GINI_HND","TOTAL","Total","Gini coefficient (scale from 0 to 100)",28.1,
2024,"AT","GINI_HND","TOTAL","Total","Gini coefficient (scale from 0 to 100)",28.4,
2025,"AT","GINI_HND","TOTAL","Total","Gini coefficient (scale from 0 to 100)",27.4,
2014,"PL","GINI_HND","TOTAL","Total","Gini coefficient (scale from 0 to 100)",30.8,
2015,"PL","GINI_HND","TOTAL","Total","Gini coefficient (scale from 0 to 100)",30.6,
2016,"PL","GINI_HND","TOTAL","Total","Gini coefficient (scale from 0 to 100)",29.8,
2017,"PL","GINI_HND","TOTAL","Total","Gini coefficient (scale from 0 to 100)",29.2,
2018,"PL","GINI_HND","TOTAL","Total","Gini coefficient (scale from 0 to 100)",27.8,
2019,"PL","GINI_HND","TOTAL","Total","Gini coefficient (scale from 0 to 100)",28.5,
2020,"PL","GINI_HND","TOTAL","Total","Gini coefficient (scale from 0 to 100)",27.2,
2021,"PL","GINI_HND","TOTAL","Total","Gini coefficient (scale from 0 to 100)",26.8,
2022,"PL","GINI_HND","TOTAL","Total","Gini coefficient (scale from 0 to 100)",26.3,
2023,"PL","GINI_HND","TOTAL","Total","Gini coefficient (scale from 0 to 100)",27,
2024,"PL","GINI_HND","TOTAL","Total","Gini coefficient (scale from 0 to 100)",26,
2025,"PL","GINI_HND","TOTAL","Total","Gini coefficient (scale from 0 to 100)",24.9,
2014,"PT","GINI_HND","TOTAL","Total","Gini coefficient (scale from 0 to 100)",34.5,
2015,"PT","GINI_HND","TOTAL","Total","Gini coefficient (scale from 0 to 100)",34,
2016,"PT","GINI_HND","TOTAL","Total","Gini coefficient (scale from 0 to 100)",33.9,
2017,"PT","GINI_HND","TOTAL","Total","Gini coefficient (scale from 0 to 100)",33.5,
2018,"PT","GINI_HND","TOTAL","Total","Gini coefficient (scale from 0 to 100)",32.1,
2019,"PT","GINI_HND","TOTAL","Total","Gini coefficient (scale from 0 to 100)",31.9,
2020,"PT","GINI_HND","TOTAL","Total","Gini coefficient (scale from 0 to 100)",31.2,
2021,"PT","GINI_HND","TOTAL","Total","Gini coefficient (scale from 0 to 100)",33,
2022,"PT","GINI_HND","TOTAL","Total","Gini coefficient (scale from 0 to 100)",32,
2023,"PT","GINI_HND","TOTAL","Total","Gini coefficient (scale from 0 to 100)",33.7,
2024,"PT","GINI_HND","TOTAL","Total","Gini coefficient (scale from 0 to 100)",31.9,
2025,"PT","GINI_HND","TOTAL","Total","Gini coefficient (scale from 0 to 100)",30.9,
2014,"RO","GINI_HND","TOTAL","Total","Gini coefficient (scale from 0 to 100)",35,
2015,"RO","GINI_HND","TOTAL","Total","Gini coefficient (scale from 0 to 100)",37.4,
2016,"RO","GINI_HND","TOTAL","Total","Gini coefficient (scale from 0 to 100)",34.7,
2017,"RO","GINI_HND","TOTAL","Total","Gini coefficient (scale from 0 to 100)",33.1,
2018,"RO","GINI_HND","TOTAL","Total","Gini coefficient (scale from 0 to 100)",35.1,
2019,"RO","GINI_HND","TOTAL","Total","Gini coefficient (scale from 0 to 100)",34.8,
2020,"RO","GINI_HND","TOTAL","Total","Gini coefficient (scale from 0 to 100)",33.8,
2021,"RO","GINI_HND","TOTAL","Total","Gini coefficient (scale from 0 to 100)",34.3,
2022,"RO","GINI_HND","TOTAL","Total","Gini coefficient (scale from 0 to 100)",32,
2023,"RO","GINI_HND","TOTAL","Total","Gini coefficient (scale from 0 to 100)",31,
2024,"RO","GINI_HND","TOTAL","Total","Gini coefficient (scale from 0 to 100)",28,
2025,"RO","GINI_HND","TOTAL","Total","Gini coefficient (scale from 0 to 100)",27.3,
2014,"SI","GINI_HND","TOTAL","Total","Gini coefficient (scale from 0 to 100)",25,
2015,"SI","GINI_HND","TOTAL","Total","Gini coefficient (scale from 0 to 100)",24.5,
2016,"SI","GINI_HND","TOTAL","Total","Gini coefficient (scale from 0 to 100)",24.4,
2017,"SI","GINI_HND","TOTAL","Total","Gini coefficient (scale from 0 to 100)",23.7,
2018,"SI","GINI_HND","TOTAL","Total","Gini coefficient (scale from 0 to 100)",23.4,
2019,"SI","GINI_HND","TOTAL","Total","Gini coefficient (scale from 0 to 100)",23.9,
2020,"SI","GINI_HND","TOTAL","Total","Gini coefficient (scale from 0 to 100)",23.5,
2021,"SI","GINI_HND","TOTAL","Total","Gini coefficient (scale from 0 to 100)",23,
2022,"SI","GINI_HND","TOTAL","Total","Gini coefficient (scale from 0 to 100)",23.1,
2023,"SI","GINI_HND","TOTAL","Total","Gini coefficient (scale from 0 to 100)",23.4,
2024,"SI","GINI_HND","TOTAL","Total","Gini coefficient (scale from 0 to 100)",23.8,
2025,"SI","GINI_HND","TOTAL","Total","Gini coefficient (scale from 0 to 100)",24.6,
2014,"SK","GINI_HND","TOTAL","Total","Gini coefficient (scale from 0 to 100)",26.1,
2015,"SK","GINI_HND","TOTAL","Total","Gini coefficient (scale from 0 to 100)",23.7,
2016,"SK","GINI_HND","TOTAL","Total","Gini coefficient (scale from 0 to 100)",24.3,
2017,"SK","GINI_HND","TOTAL","Total","Gini coefficient (scale from 0 to 100)",23.2,
2018,"SK","GINI_HND","TOTAL","Total","Gini coefficient (scale from 0 to 100)",20.9,
2019,"SK","GINI_HND","TOTAL","Total","Gini coefficient (scale from 0 to 100)",22.8,
2020,"SK","GINI_HND","TOTAL","Total","Gini coefficient (scale from 0 to 100)",20.9,
2021,"SK","GINI_HND","TOTAL","Total","Gini coefficient (scale from 0 to 100)",21.8,
2022,"SK","GINI_HND","TOTAL","Total","Gini coefficient (scale from 0 to 100)",21.2,
2023,"SK","GINI_HND","TOTAL","Total","Gini coefficient (scale from 0 to 100)",21.6,
2024,"SK","GINI_HND","TOTAL","Total","Gini coefficient (scale from 0 to 100)",21.7,
2025,"SK","GINI_HND","TOTAL","Total","Gini coefficient (scale from 0 to 100)",23,
2014,"FI","GINI_HND","TOTAL","Total","Gini coefficient (scale from 0 to 100)",25.6,
2015,"FI","GINI_HND","TOTAL","Total","Gini coefficient (scale from 0 to 100)",25.2,
2016,"FI","GINI_HND","TOTAL","Total","Gini coefficient (scale from 0 to 100)",25.4,
2017,"FI","GINI_HND","TOTAL","Total","Gini coefficient (scale from 0 to 100)",25.3,
2018,"FI","GINI_HND","TOTAL","Total","Gini coefficient (scale from 0 to 100)",25.9,
2019,"FI","GINI_HND","TOTAL","Total","Gini coefficient (scale from 0 to 100)",26.2,
2020,"FI","GINI_HND","TOTAL","Total","Gini coefficient (scale from 0 to 100)",26.5,
2021,"FI","GINI_HND","TOTAL","Total","Gini coefficient (scale from 0 to 100)",25.7,
2022,"FI","GINI_HND","TOTAL","Total","Gini coefficient (scale from 0 to 100)",26.6,
2023,"FI","GINI_HND","TOTAL","Total","Gini coefficient (scale from 0 to 100)",26.6,
2024,"FI","GINI_HND","TOTAL","Total","Gini coefficient (scale from 0 to 100)",26.1,
2025,"FI","GINI_HND","TOTAL","Total","Gini coefficient (scale from 0 to 100)",27.1,
2014,"SE","GINI_HND","TOTAL","Total","Gini coefficient (scale from 0 to 100)",26.9,
2015,"SE","GINI_HND","TOTAL","Total","Gini coefficient (scale from 0 to 100)",26.7,
2016,"SE","GINI_HND","TOTAL","Total","Gini coefficient (scale from 0 to 100)",27.6,
2017,"SE","GINI_HND","TOTAL","Total","Gini coefficient (scale from 0 to 100)",28,
2018,"SE","GINI_HND","TOTAL","Total","Gini coefficient (scale from 0 to 100)",27,
2019,"SE","GINI_HND","TOTAL","Total","Gini coefficient (scale from 0 to 100)",27.6,
2020,"SE","GINI_HND","TOTAL","Total","Gini coefficient (scale from 0 to 100)",26.9,
2021,"SE","GINI_HND","TOTAL","Total","Gini coefficient (scale from 0 to 100)",26.8,
2022,"SE","GINI_HND","TOTAL","Total","Gini coefficient (scale from 0 to 100)",27.6,
2023,"SE","GINI_HND","TOTAL","Total","Gini coefficient (scale from 0 to 100)",29.5,
2024,"SE","GINI_HND","TOTAL","Total","Gini coefficient (scale from 0 to 100)",27.6,
2025,"SE","GINI_HND","TOTAL","Total","Gini coefficient (scale from 0 to 100)",28.6,
2014,"IS","GINI_HND","TOTAL","Total","Gini coefficient (scale from 0 to 100)",22.7,
2015,"IS","GINI_HND","TOTAL","Total","Gini coefficient (scale from 0 to 100)",24.7,
2016,"IS","GINI_HND","TOTAL","Total","Gini coefficient (scale from 0 to 100)",24.1,
2017,"IS","GINI_HND","TOTAL","Total","Gini coefficient (scale from 0 to 100)",25.2,
2018,"IS","GINI_HND","TOTAL","Total","Gini coefficient (scale from 0 to 100)",23.2,
2019,"IS","GINI_HND","TOTAL","Total","Gini coefficient (scale from 0 to 100)",23.7,
2020,"IS","GINI_HND","TOTAL","Total","Gini coefficient (scale from 0 to 100)",24,
2014,"NO","GINI_HND","TOTAL","Total","Gini coefficient (scale from 0 to 100)",23.5,
2015,"NO","GINI_HND","TOTAL","Total","Gini coefficient (scale from 0 to 100)",23.9,
2016,"NO","GINI_HND","TOTAL","Total","Gini coefficient (scale from 0 to 100)",25,
2017,"NO","GINI_HND","TOTAL","Total","Gini coefficient (scale from 0 to 100)",26.1,
2018,"NO","GINI_HND","TOTAL","Total","Gini coefficient (scale from 0 to 100)",24.8,
2019,"NO","GINI_HND","TOTAL","Total","Gini coefficient (scale from 0 to 100)",25.4,
2020,"NO","GINI_HND","TOTAL","Total","Gini coefficient (scale from 0 to 100)",25.3,
2021,"NO","GINI_HND","TOTAL","Total","Gini coefficient (scale from 0 to 100)",25.9,"b"
2022,"NO","GINI_HND","TOTAL","Total","Gini coefficient (scale from 0 to 100)",27.5,
2023,"NO","GINI_HND","TOTAL","Total","Gini coefficient (scale from 0 to 100)",24.7,"b"
2024,"NO","GINI_HND","TOTAL","Total","Gini coefficient (scale from 0 to 100)",24.4,
2025,"NO","GINI_HND","TOTAL","Total","Gini coefficient (scale from 0 to 100)",23.7,
2014,"CH","GINI_HND","TOTAL","Total","Gini coefficient (scale from 0 to 100)",29.5,"b"
2015,"CH","GINI_HND","TOTAL","Total","Gini coefficient (scale from 0 to 100)",29.6,
2016,"CH","GINI_HND","TOTAL","Total","Gini coefficient (scale from 0 to 100)",29.4,
2017,"CH","GINI_HND","TOTAL","Total","Gini coefficient (scale from 0 to 100)",30.1,
2018,"CH","GINI_HND","TOTAL","Total","Gini coefficient (scale from 0 to 100)",29.7,
2019,"CH","GINI_HND","TOTAL","Total","Gini coefficient (scale from 0 to 100)",30.6,
2020,"CH","GINI_HND","TOTAL","Total","Gini coefficient (scale from 0 to 100)",31.2,
2021,"CH","GINI_HND","TOTAL","Total","Gini coefficient (scale from 0 to 100)",31.4,
2022,"CH","GINI_HND","TOTAL","Total","Gini coefficient (scale from 0 to 100)",31,
2023,"CH","GINI_HND","TOTAL","Total","Gini coefficient (scale from 0 to 100)",31.5,
2024,"CH","GINI_HND","TOTAL","Total","Gini coefficient (scale from 0 to 100)",31,
2014,"UK","GINI_HND","TOTAL","Total","Gini coefficient (scale from 0 to 100)",31.6,
2015,"UK","GINI_HND","TOTAL","Total","Gini coefficient (scale from 0 to 100)",32.4,
2016,"UK","GINI_HND","TOTAL","Total","Gini coefficient (scale from 0 to 100)",31.5,
2017,"UK","GINI_HND","TOTAL","Total","Gini coefficient (scale from 0 to 100)",33.1,"b"
2018,"UK","GINI_HND","TOTAL","Total","Gini coefficient (scale from 0 to 100)",33.5,
2015,"ME","GINI_HND","TOTAL","Total","Gini coefficient (scale from 0 to 100)",36.5,
2016,"ME","GINI_HND","TOTAL","Total","Gini coefficient (scale from 0 to 100)",36.5,
2017,"ME","GINI_HND","TOTAL","Total","Gini coefficient (scale from 0 to 100)",36.7,
2018,"ME","GINI_HND","TOTAL","Total","Gini coefficient (scale from 0 to 100)",34.7,
2019,"ME","GINI_HND","TOTAL","Total","Gini coefficient (scale from 0 to 100)",34.1,
2020,"ME","GINI_HND","TOTAL","Total","Gini coefficient (scale from 0 to 100)",32.9,
2021,"ME","GINI_HND","TOTAL","Total","Gini coefficient (scale from 0 to 100)",32.5,
2022,"ME","GINI_HND","TOTAL","Total","Gini coefficient (scale from 0 to 100)",31.5,
2014,"MK","GINI_HND","TOTAL","Total","Gini coefficient (scale from 0 to 100)",35.2,
2015,"MK","GINI_HND","TOTAL","Total","Gini coefficient (scale from 0 to 100)",33.7,
2016,"MK","GINI_HND","TOTAL","Total","Gini coefficient (scale from 0 to 100)",33.6,
2017,"MK","GINI_HND","TOTAL","Total","Gini coefficient (scale from 0 to 100)",32.4,
2018,"MK","GINI_HND","TOTAL","Total","Gini coefficient (scale from 0 to 100)",31.9,
2019,"MK","GINI_HND","TOTAL","Total","Gini coefficient (scale from 0 to 100)",30.7,
2020,"MK","GINI_HND","TOTAL","Total","Gini coefficient (scale from 0 to 100)",31.4,
2021,"MK","GINI_HND","TOTAL","Total","Gini coefficient (scale from 0 to 100)",30.3,"b"
2022,"MK","GINI_HND","TOTAL","Total","Gini coefficient (scale from 0 to 100)",29.8,
2023,"MK","GINI_HND","TOTAL","Total","Gini coefficient (scale from 0 to 100)",30.3,
2024,"MK","GINI_HND","TOTAL","Total","Gini coefficient (scale from 0 to 100)",29.2,
2017,"AL","GINI_HND","TOTAL","Total","Gini coefficient (scale from 0 to 100)",36.8,
2018,"AL","GINI_HND","TOTAL","Total","Gini coefficient (scale from 0 to 100)",35.4,
2019,"AL","GINI_HND","TOTAL","Total","Gini coefficient (scale from 0 to 100)",34.3,
2020,"AL","GINI_HND","TOTAL","Total","Gini coefficient (scale from 0 to 100)",33.2,
2021,"AL","GINI_HND","TOTAL","Total","Gini coefficient (scale from 0 to 100)",33,
2022,"AL","GINI_HND","TOTAL","Total","Gini coefficient (scale from 0 to 100)",31,
2023,"AL","GINI_HND","TOTAL","Total","Gini coefficient (scale from 0 to 100)",30.2,
2014,"RS","GINI_HND","TOTAL","Total","Gini coefficient (scale from 0 to 100)",38.3,
2015,"RS","GINI_HND","TOTAL","Total","Gini coefficient (scale from 0 to 100)",40,
2016,"RS","GINI_HND","TOTAL","Total","Gini coefficient (scale from 0 to 100)",39.8,
2017,"RS","GINI_HND","TOTAL","Total","Gini coefficient (scale from 0 to 100)",37.8,
2018,"RS","GINI_HND","TOTAL","Total","Gini coefficient (scale from 0 to 100)",35.6,
2019,"RS","GINI_HND","TOTAL","Total","Gini coefficient (scale from 0 to 100)",33.6,
2020,"RS","GINI_HND","TOTAL","Total","Gini coefficient (scale from 0 to 100)",33.8,
2021,"RS","GINI_HND","TOTAL","Total","Gini coefficient (scale from 0 to 100)",33.3,
2022,"RS","GINI_HND","TOTAL","Total","Gini coefficient (scale from 0 to 100)",32.6,
2023,"RS","GINI_HND","TOTAL","Total","Gini coefficient (scale from 0 to 100)",31.7,
2024,"RS","GINI_HND","TOTAL","Total","Gini coefficient (scale from 0 to 100)",31.9,
2025,"RS","GINI_HND","TOTAL","Total","Gini coefficient (scale from 0 to 100)",32,
2014,"TR","GINI_HND","TOTAL","Total","Gini coefficient (scale from 0 to 100)",41.2,
2015,"TR","GINI_HND","TOTAL","Total","Gini coefficient (scale from 0 to 100)",41.9,
2016,"TR","GINI_HND","TOTAL","Total","Gini coefficient (scale from 0 to 100)",42.6,
2017,"TR","GINI_HND","TOTAL","Total","Gini coefficient (scale from 0 to 100)",43,
2018,"TR","GINI_HND","TOTAL","Total","Gini coefficient (scale from 0 to 100)",43,
2019,"TR","GINI_HND","TOTAL","Total","Gini coefficient (scale from 0 to 100)",41.7,
2020,"TR","GINI_HND","TOTAL","Total","Gini coefficient (scale from 0 to 100)",43.4,
2021,"TR","GINI_HND","TOTAL","Total","Gini coefficient (scale from 0 to 100)",42.5,
2022,"TR","GINI_HND","TOTAL","Total","Gini coefficient (scale from 0 to 100)",45.3,
2023,"TR","GINI_HND","TOTAL","Total","Gini coefficient (scale from 0 to 100)",44.2,
2024,"TR","GINI_HND","TOTAL","Total","Gini coefficient (scale from 0 to 100)",44.8,
2025,"TR","GINI_HND","TOTAL","Total","Gini coefficient (scale from 0 to 100)",43.9,
2018,"XK","GINI_HND","TOTAL","Total","Gini coefficient (scale from 0 to 100)",46.6,
